<?xml version="1.0" encoding="UTF-8" ?>
<!DOCTYPE configuration
        PUBLIC "-//mybatis.org//DTD Config 3.0//EN"
        "http://mybatis.org/dtd/mybatis-3-config.dtd">
<configuration>
    <!--起别名-->

    <environments default="development">
        <environment id="development">
            <transactionManager type="JDBC"/>
            <dataSource type="POOLED">
                <property name="driver" value="com.mysql.jdbc.Driver"/>
                <property name="url" value="jdbc:mysql:///work?useSSL=false&amp;useServerPrepStmts=true"/>
                <property name="username" value="root"/>
                <property name="password" value="********"/>
            </dataSource>
        </environment>
    </environments>
    <mappers>
        <package name="work.mapper"/>
    </mappers>
</configuration>
